area,modo,pergunta,resposta
Codigo Combine Scores,Explicação,como os scores sao combinados?,Os scores são combinados usando uma abordagem que considera tanto a análise léxica quanto a semântica. Primeiro  os scores brutos de cada método são normalizados para a normalização apenas para o score_final. Em seguida  o score_final é calculado como uma combinação ponderada dos scores normalizados léxicos e semânticos  onde o peso é definido pelo parâmetro `alpha`. Os scores brutos são usados para classificar os documentos  aplicando filtros para identificar plágios literais e paráfrases. Os documentos são então ordenados pelo score_final em ordem decrescente e os `k_final` primeiros são retornados.
Codigo Compare Semantic,Explicação,como faz a comparação semântica?,A comparação semântica é realizada usando embeddings  que são representações numéricas de textos que capturam seu significado. No projeto  isso é feito com o modelo `sentence-transformers`. Quando queremos comparar um bloco de texto (query_block) com outros blocos já convertidos em embeddings  fazemos o seguinte:  1. **Embedding da Query**: Convertemos o bloco de texto de consulta em um embedding usando a função `embed_texts`. 2. **Similaridade Cosine**: Usamos a função `cosine_similarity` para calcular a similaridade entre o embedding da query e os embeddings dos outros blocos. 3. **Ordenação**: Ordenamos os resultados pela similaridade em ordem decrescente e selecionamos os top-k mais semelhantes.  Isso nos dá uma lista de blocos mais semelhantes à query  com suas respectivas pontuações de similaridade  ajudando a identificar paráfrases ou conteúdo semelhante.
Codigo Compare Semantic,Explicação,como faz a comparação semântica?,A comparação semântica é feita usando embeddings  que são representações numéricas de palavras ou frases que capturam seu significado. No projeto  isso é realizado com o `sentence-transformers`  um modelo de aprendizado de máquina que gera vetores de alta dimensão para cada texto.   A função `embed_texts` gera esses vetores normalizados para uma lista de textos. Em seguida  a função `semantic_top_k` compara um bloco de texto de consulta contra uma lista de embeddings pré-calculados. Ela calcula a similaridade coseno entre o embedding do bloco de consulta e cada embedding indexado. Os resultados são ordenados por similaridade  do maior para o menor  retornando os `k` primeiros. Isso permite identificar paráfrases ou conteúdo semelhante com base no significado  não apenas nas palavras exatas.
Codigo Compare Semantic,Resposta Técnica,como faz a comparação semântica?,A comparação semântica é realizada utilizando embeddings gerados por um modelo `sentence-transformers`. O processo envolve os seguintes passos:  1. **Obtenção do Modelo**: O modelo `sentence_transformers` é carregado de forma lazy e cacheada para evitar o download e instânciação repetidas. Isso é feito usando `_get_model(model_name)`.  2. **Gerar Embeddings**: A função `embed_texts` gera embeddings normalizados (L2) para uma lista de textos. Isso é feito chamando `model.encode(texts  convert_to_numpy=True  normalize_embeddings=True)`.  3. **Comparação**: Em `semantic_top_k`  um bloco de texto de consulta (`query_block`) é convertido em um embedding similar aos outros usando `embed_texts([query_block]  model_name)`.   4. **Cálculo de Similaridade**: A similaridade entre o embedding da consulta e os embeddings indexados é calculada usando `cosine_similarity(query_vec  embeddings)[0]`.  5. **Seleção dos Top K**: Os índices dos top K embeddings mais semelhantes são obtidos usando `np.argsort(scores)[::-1][:k]`.  6. **Retorno dos Resultados**: A função retorna uma lista de tuplas  onde cada tupla contém o ID do bloco de texto e o score de similaridade coseno ordenado em ordem decrescente.  Este processo permite comparar o significado dos textos de forma robusta  facilitando a detecção de paráfrases e plágio.
Base De Textos,Explicação,quais textos estão na base?,A base de texto utilizada neste projeto foi composta principalmente de artigos da Wikipédia em português  focados em temas relevantes para o ENEM  como questões sociais  culturais e políticas. Inicialmente  o projeto usou artigos de temas como trabalho doméstico  trabalho de cuidado  mulheres no Brasil  igualdade de gênero  povos indígenas  cidadania  entre outros. De cada tema inicial (chamados de "seeds")  o script automatizado percorreu links internos da Wikipédia para coletar mais artigos  resultando em uma base com aproximadamente 174 documentos. Essa abordagem garante uma base diversificada  relevante e legal  pois utiliza apenas conteúdo de domínio público.
Base De Textos,Resposta Técnica,quais temas estão na base?,A base de comparação utilizada neste projeto foi composta principalmente de textos relacionados aos assuntos das últimas redações do ENEM  com foco em temas como questões sociais  culturais e políticas. Esses textos foram extraídos inicialmente de artigos da Wikipédia em português  selecionados como "seeds" e expandidos por meio de links internos até atingir aproximadamente 174 documentos. Os temas específicos incluem Trabalho doméstico  Trabalho de cuidado  Mulheres no Brasil  Igualdade de gênero  Povos e comunidades tradicionais  Povos indígenas do Brasil  Quilombolas  Cidadania  Direitos humanos no Brasil  Saúde mental no Brasil  Democratização do acesso ao cinema  Política cultural do Brasil  entre outros. Essa seleção garante diversidade temática  relevância educacional  conformidade legal e escopo controlado  utilizando apenas conteúdo de domínio público.
Contexto Geral,Explicação,o que esse código faz?,Este código implementa um sistema para comparar textos  útil para detecção de plágio e identificação de paráfrases. Ele usa duas abordagens: uma léxica  que analisa padrões de palavras  e outra semântica  que considera o significado. O sistema foi projetado para rodar tanto localmente quanto em contêineres Docker  garantindo consistência dos resultados. A estrutura do projeto é modular  com diferentes scripts para comparação léxica e semântica  combinação de scores  criação de índices e processamento de texto. A interface Streamlit permite uma interação simples com o usuário. Os dados são organizados em diretórios separados para raw  índices léxicos e semânticos  facilitando a reexecução e a persistência dos dados.
Codigo Compare Semantic,Explicação,como é feita a comparação semântica?,A comparação semântica é realizada usando embeddings  que são representações numéricas de palavras ou frases que capturam seu significado. No projeto  isso é feito com o `sentence-transformers`.   Primeiro  o texto de consulta (`query_block`) é convertido em um embedding usando a função `embed_texts`. Em seguida  esses embeddings são comparados com uma lista de embeddings pré-calculados (indexados) usando a similaridade cosines medida pela função `cosine_similarity`.   Os resultados são ordenados por pontuação de similaridade em ordem decrescente  e as `k` frases mais semelhantes (por padrão  10) são retornadas juntamente com suas pontuações de similaridade. Isso permite identificar paráfrases ou conteúdo semelhante com base no significado  não apenas na estrutura ou palavras exatas.
Codigo Compare Semantic,Resposta Técnica,como é feita a comparação semântica?,A comparação semântica é realizada utilizando embeddings gerados por um modelo `sentence-transformers`. O processo envolve os seguintes passos:  1. **Embedding do Query**: O texto de consulta (`query_block`) é convertido em um vetor embedding usando a função `embed_texts`  que carrega um modelo pré-treinado (`_get_model`) e gera embeddings normalizados (L2) para o texto.  2. **Comparação de Similaridade**: O embedding do texto de consulta é comparado com uma lista de embeddings indexados (`embeddings`) usando a similaridade coseno fornecida pela função `cosine_similarity` do `sklearn`. Isso resulta em um vetor de scores  onde cada score representa a similaridade coseno entre o texto de consulta e cada um dos textos indexados.  3. **Seleção dos Top K**: Os índices dos textos indexados são ordenados com base nos scores  de forma decrescente. Os `k` textos mais semelhantes são selecionados e retornados  juntamente com seus scores  na função `semantic_top_k`.  Este processo permite comparar semânticamente textos de forma eficiente  permitindo a identificação de paráfrases e detecção de plágio com base no significado dos textos.
